{
  "started_at_unix": 1777501981.577613,
  "gpu_name": "NVIDIA A100-SXM4-40GB",
  "stages": [
    "stage_1",
    "stage_2"
  ],
  "restore_checkpoint_dir": null,
  "force_cpu": false,
  "finished_at_unix": 1777502660.677443,
  "wallclock_sec": 679.0998299121857,
  "stage_summaries": [
    {
      "stage_name": "stage_1",
      "env_name": "Go2JoystickFlatTerrain",
      "backend_impl": "jax",
      "num_progress_events": 5,
      "final_metrics": {
        "eval/walltime": 131.0740671157837,
        "training/sps": 1634907.266387828,
        "training/walltime": 123.5043134689331,
        "training/entropy_loss": 0.09446142613887787,
        "training/kl_mean": 0.036855172365903854,
        "training/learning_rate": 0.00029999998514540493,
        "training/policy_dist_max_loc": 2.372903823852539,
        "training/policy_dist_max_std": 1.3854010105133057,
        "training/policy_dist_mean_loc": 0.17079563438892365,
        "training/policy_dist_mean_std": 0.133877694606781,
        "training/policy_dist_min_loc": -2.016254425048828,
        "training/policy_dist_min_std": 0.06489834189414978,
        "training/policy_loss": -0.0031279814429581165,
        "training/total_loss": 0.09143846482038498,
        "training/v_loss": 0.00010502786608412862,
        "eval/episode_reward": 29.06177520751953,
        "eval/episode_reward/action_rate": -11.707290649414062,
        "eval/episode_reward/ang_vel_xy": -18.713741302490234,
        "eval/episode_reward/dof_pos_limits": 0.0,
        "eval/episode_reward/energy": -76.58717346191406,
        "eval/episode_reward/feet_air_time": 0.06481236964464188,
        "eval/episode_reward/feet_clearance": -207.76205444335938,
        "eval/episode_reward/feet_height": -16.74530601501465,
        "eval/episode_reward/feet_slip": -7.095183372497559,
        "eval/episode_reward/lin_vel_z": -2.988790512084961,
        "eval/episode_reward/orientation": -13.773265838623047,
        "eval/episode_reward/pose": 451.6687927246094,
        "eval/episode_reward/stand_still": -19.048919677734375,
        "eval/episode_reward/termination": 0.0,
        "eval/episode_reward/torques": -11.227516174316406,
        "eval/episode_reward/tracking_ang_vel": 466.7031555175781,
        "eval/episode_reward/tracking_lin_vel": 920.1287841796875,
        "eval/episode_swing_peak": 9.927775382995605,
        "eval/episode_reward_std": 2.80706787109375,
        "eval/episode_reward/action_rate_std": 1.9655894041061401,
        "eval/episode_reward/ang_vel_xy_std": 3.7911441326141357,
        "eval/episode_reward/dof_pos_limits_std": 0.0,
        "eval/episode_reward/energy_std": 35.00245666503906,
        "eval/episode_reward/feet_air_time_std": 0.46853911876678467,
        "eval/episode_reward/feet_clearance_std": 61.49933624267578,
        "eval/episode_reward/feet_height_std": 5.082440376281738,
        "eval/episode_reward/feet_slip_std": 3.3634486198425293,
        "eval/episode_reward/lin_vel_z_std": 1.0729272365570068,
        "eval/episode_reward/orientation_std": 7.1553425788879395,
        "eval/episode_reward/pose_std": 9.802826881408691,
        "eval/episode_reward/stand_still_std": 116.59053039550781,
        "eval/episode_reward/termination_std": 0.0,
        "eval/episode_reward/torques_std": 0.996723473072052,
        "eval/episode_reward/tracking_ang_vel_std": 4.573056697845459,
        "eval/episode_reward/tracking_lin_vel_std": 26.082258224487305,
        "eval/episode_swing_peak_std": 5.537248611450195,
        "eval/avg_episode_length": 1000.0,
        "eval/std_episode_length": 0.0,
        "eval/epoch_eval_time": 3.2560341358184814,
        "eval/sps": 39311.62716997258
      },
      "latest_checkpoint": "/content/go2_course_repo/artifacts/run_baseline/stage_1/checkpoints/000013107200",
      "selected_checkpoint_source": "/content/go2_course_repo/artifacts/run_baseline/stage_1/checkpoints/000013107200",
      "selected_checkpoint_export": "/content/go2_course_repo/artifacts/run_baseline/best_checkpoint",
      "selected_checkpoint_manifest": {
        "selection_method": "best_eval_reward",
        "selected_step": 13107200,
        "selected_eval_reward": 29.06177520751953,
        "source_checkpoint_dir": "/content/go2_course_repo/artifacts/run_baseline/stage_1/checkpoints/000013107200",
        "exported_checkpoint_dir": "/content/go2_course_repo/artifacts/run_baseline/best_checkpoint",
        "exported_at_unix": 1777502344.026848
      },
      "compile_time_sec": 125.66736282499983,
      "train_time_sec": 227.66755819200012
    },
    {
      "stage_name": "stage_2",
      "env_name": "Go2JoystickFlatTerrain",
      "backend_impl": "jax",
      "num_progress_events": 5,
      "final_metrics": {
        "eval/walltime": 135.31922602653503,
        "training/sps": 1619879.7134922016,
        "training/walltime": 82.97306394577026,
        "training/entropy_loss": 0.12204745411872864,
        "training/kl_mean": 0.04605843871831894,
        "training/learning_rate": 0.0003000000142492354,
        "training/policy_dist_max_loc": 2.205536365509033,
        "training/policy_dist_max_std": 0.7929191589355469,
        "training/policy_dist_mean_loc": 0.15158036351203918,
        "training/policy_dist_mean_std": 0.10621944069862366,
        "training/policy_dist_min_loc": -1.6657464504241943,
        "training/policy_dist_min_std": 0.04916055500507355,
        "training/policy_loss": 3.9982376620173454e-05,
        "training/total_loss": 0.12216958403587341,
        "training/v_loss": 8.214881381718442e-05,
        "eval/episode_reward": 29.506267547607422,
        "eval/episode_reward/action_rate": -12.228662490844727,
        "eval/episode_reward/ang_vel_xy": -12.960835456848145,
        "eval/episode_reward/dof_pos_limits": 0.0,
        "eval/episode_reward/energy": -96.76265716552734,
        "eval/episode_reward/feet_air_time": 0.8535779714584351,
        "eval/episode_reward/feet_clearance": -213.1734161376953,
        "eval/episode_reward/feet_height": -7.574089050292969,
        "eval/episode_reward/feet_slip": -3.933912754058838,
        "eval/episode_reward/lin_vel_z": -2.3286142349243164,
        "eval/episode_reward/orientation": -13.515936851501465,
        "eval/episode_reward/pose": 455.79718017578125,
        "eval/episode_reward/stand_still": -13.941590309143066,
        "eval/episode_reward/termination": 0.0,
        "eval/episode_reward/torques": -10.93717098236084,
        "eval/episode_reward/tracking_ang_vel": 473.57879638671875,
        "eval/episode_reward/tracking_lin_vel": 932.306640625,
        "eval/episode_swing_peak": 14.44656753540039,
        "eval/episode_reward_std": 2.5161213874816895,
        "eval/episode_reward/action_rate_std": 1.8971027135849,
        "eval/episode_reward/ang_vel_xy_std": 2.5796191692352295,
        "eval/episode_reward/dof_pos_limits_std": 0.0,
        "eval/episode_reward/energy_std": 43.5489501953125,
        "eval/episode_reward/feet_air_time_std": 0.6063684821128845,
        "eval/episode_reward/feet_clearance_std": 64.7641830444336,
        "eval/episode_reward/feet_height_std": 3.6313042640686035,
        "eval/episode_reward/feet_slip_std": 1.9217404127120972,
        "eval/episode_reward/lin_vel_z_std": 0.8513804078102112,
        "eval/episode_reward/orientation_std": 8.175992012023926,
        "eval/episode_reward/pose_std": 12.613222122192383,
        "eval/episode_reward/stand_still_std": 84.48857116699219,
        "eval/episode_reward/termination_std": 0.0,
        "eval/episode_reward/torques_std": 0.9050979614257812,
        "eval/episode_reward/tracking_ang_vel_std": 4.340281009674072,
        "eval/episode_reward/tracking_lin_vel_std": 23.655532836914062,
        "eval/episode_swing_peak_std": 7.286121845245361,
        "eval/avg_episode_length": 1000.0,
        "eval/std_episode_length": 0.0,
        "eval/epoch_eval_time": 3.270794153213501,
        "eval/sps": 39134.226736415716
      },