{
  "video_path": "/content/go2_course_repo/artifacts/demo_bundle/demo.mp4",
  "rollout_npz": "/content/go2_course_repo/artifacts/demo_bundle/rollout_public_eval.npz",
  "num_steps_simulated": 750,
  "terminated_early": false,
  "done_step": null,
  "x_distance_m": -2.5545263290405273,
  "y_offset_m": -0.6853008270263672,
  "final_base_height_m": 0.3367009460926056,
  "mean_command_vx": 0.2500000298023224,
  "mean_measured_vx": 0.17644238471984863,
  "mean_abs_yaw_error": 0.048445332795381546,
  "demo_segments": [
    [
      0.0,
      0.0,
      0.0
    ],
    [
      0.2,
      0.0,
      0.0
    ],
    [
      0.4,
      0.0,
      0.0
    ],
    [
      0.6,
      0.0,
      0.0
    ],
    [
      0.3,
      0.0,
      0.0
    ],
    [
      0.0,
      0.0,
      0.0
    ]
  ]
}