{
  "stage_name": "stage_2",
  "env_name": "Go2JoystickFlatTerrain",
  "backend_impl": "jax",
  "num_progress_events": 5,
  "final_metrics": {
    "eval/walltime": 135.31922602653503,
    "training/sps": 1619879.7134922016,
    "training/walltime": 82.97306394577026,
    "training/entropy_loss": 0.12204745411872864,
    "training/kl_mean": 0.04605843871831894,
    "training/learning_rate": 0.0003000000142492354,
    "training/policy_dist_max_loc": 2.205536365509033,
    "training/policy_dist_max_std": 0.7929191589355469,
    "training/policy_dist_mean_loc": 0.15158036351203918,
    "training/policy_dist_mean_std": 0.10621944069862366,
    "training/policy_dist_min_loc": -1.6657464504241943,
    "training/policy_dist_min_std": 0.04916055500507355,
    "training/policy_loss": 3.9982376620173454e-05,
    "training/total_loss": 0.12216958403587341,
    "training/v_loss": 8.214881381718442e-05,
    "eval/episode_reward": 29.506267547607422,
    "eval/episode_reward/action_rate": -12.228662490844727,
    "eval/episode_reward/ang_vel_xy": -12.960835456848145,
    "eval/episode_reward/dof_pos_limits": 0.0,
    "eval/episode_reward/energy": -96.76265716552734,
    "eval/episode_reward/feet_air_time": 0.8535779714584351,
    "eval/episode_reward/feet_clearance": -213.1734161376953,
    "eval/episode_reward/feet_height": -7.574089050292969,
    "eval/episode_reward/feet_slip": -3.933912754058838,
    "eval/episode_reward/lin_vel_z": -2.3286142349243164,
    "eval/episode_reward/orientation": -13.515936851501465,
    "eval/episode_reward/pose": 455.79718017578125,
    "eval/episode_reward/stand_still": -13.941590309143066,
    "eval/episode_reward/termination": 0.0,
    "eval/episode_reward/torques": -10.93717098236084,
    "eval/episode_reward/tracking_ang_vel": 473.57879638671875,
    "eval/episode_reward/tracking_lin_vel": 932.306640625,
    "eval/episode_swing_peak": 14.44656753540039,
    "eval/episode_reward_std": 2.5161213874816895,
    "eval/episode_reward/action_rate_std": 1.8971027135849,
    "eval/episode_reward/ang_vel_xy_std": 2.5796191692352295,
    "eval/episode_reward/dof_pos_limits_std": 0.0,
    "eval/episode_reward/energy_std": 43.5489501953125,
    "eval/episode_reward/feet_air_time_std": 0.6063684821128845,
    "eval/episode_reward/feet_clearance_std": 64.7641830444336,
    "eval/episode_reward/feet_height_std": 3.6313042640686035,
    "eval/episode_reward/feet_slip_std": 1.9217404127120972,
    "eval/episode_reward/lin_vel_z_std": 0.8513804078102112,
    "eval/episode_reward/orientation_std": 8.175992012023926,
    "eval/episode_reward/pose_std": 12.613222122192383,
    "eval/episode_reward/stand_still_std": 84.48857116699219,
    "eval/episode_reward/termination_std": 0.0,
    "eval/episode_reward/torques_std": 0.9050979614257812,
    "eval/episode_reward/tracking_ang_vel_std": 4.340281009674072,
    "eval/episode_reward/tracking_lin_vel_std": 23.655532836914062,
    "eval/episode_swing_peak_std": 7.286121845245361,
    "eval/avg_episode_length": 1000.0,
    "eval/std_episode_length": 0.0,
    "eval/epoch_eval_time": 3.270794153213501,
    "eval/sps": 39134.226736415716
  },
  "latest_checkpoint": "/content/go2_course_repo/artifacts/run_baseline/stage_2/checkpoints/000006553600",
  "selected_checkpoint_source": "/content/go2_course_repo/artifacts/run_baseline/stage_2/checkpoints/000006553600",
  "selected_checkpoint_export": "/content/go2_course_repo/artifacts/run_baseline/best_checkpoint",
  "selected_checkpoint_manifest": {
    "selection_method": "best_eval_reward",
    "selected_step": 6553600,
    "selected_eval_reward": 29.506267547607422,
    "source_checkpoint_dir": "/content/go2_course_repo/artifacts/run_baseline/stage_2/checkpoints/000006553600",
    "exported_checkpoint_dir": "/content/go2_course_repo/artifacts/run_baseline/best_checkpoint",
    "exported_at_unix": 1777502660.6681864
  },
  "compile_time_sec": 125.590063633,
  "train_time_sec": 189.02947136099988
}