{
  "num_steps": 13107200,
  "metrics": {
    "eval/walltime": 131.0740671157837,
    "training/sps": 1634907.266387828,
    "training/walltime": 123.5043134689331,
    "training/entropy_loss": 0.09446142613887787,
    "training/kl_mean": 0.036855172365903854,
    "training/learning_rate": 0.00029999998514540493,
    "training/policy_dist_max_loc": 2.372903823852539,
    "training/policy_dist_max_std": 1.3854010105133057,
    "training/policy_dist_mean_loc": 0.17079563438892365,
    "training/policy_dist_mean_std": 0.133877694606781,
    "training/policy_dist_min_loc": -2.016254425048828,
    "training/policy_dist_min_std": 0.06489834189414978,
    "training/policy_loss": -0.0031279814429581165,
    "training/total_loss": 0.09143846482038498,
    "training/v_loss": 0.00010502786608412862,
    "eval/episode_reward": 29.06177520751953,
    "eval/episode_reward/action_rate": -11.707290649414062,
    "eval/episode_reward/ang_vel_xy": -18.713741302490234,
    "eval/episode_reward/dof_pos_limits": 0.0,
    "eval/episode_reward/energy": -76.58717346191406,
    "eval/episode_reward/feet_air_time": 0.06481236964464188,
    "eval/episode_reward/feet_clearance": -207.76205444335938,
    "eval/episode_reward/feet_height": -16.74530601501465,
    "eval/episode_reward/feet_slip": -7.095183372497559,
    "eval/episode_reward/lin_vel_z": -2.988790512084961,
    "eval/episode_reward/orientation": -13.773265838623047,
    "eval/episode_reward/pose": 451.6687927246094,
    "eval/episode_reward/stand_still": -19.048919677734375,
    "eval/episode_reward/termination": 0.0,
    "eval/episode_reward/torques": -11.227516174316406,
    "eval/episode_reward/tracking_ang_vel": 466.7031555175781,
    "eval/episode_reward/tracking_lin_vel": 920.1287841796875,
    "eval/episode_swing_peak": 9.927775382995605,
    "eval/episode_reward_std": 2.80706787109375,
    "eval/episode_reward/action_rate_std": 1.9655894041061401,
    "eval/episode_reward/ang_vel_xy_std": 3.7911441326141357,
    "eval/episode_reward/dof_pos_limits_std": 0.0,
    "eval/episode_reward/energy_std": 35.00245666503906,
    "eval/episode_reward/feet_air_time_std": 0.46853911876678467,
    "eval/episode_reward/feet_clearance_std": 61.49933624267578,
    "eval/episode_reward/feet_height_std": 5.082440376281738,
    "eval/episode_reward/feet_slip_std": 3.3634486198425293,
    "eval/episode_reward/lin_vel_z_std": 1.0729272365570068,
    "eval/episode_reward/orientation_std": 7.1553425788879395,
    "eval/episode_reward/pose_std": 9.802826881408691,
    "eval/episode_reward/stand_still_std": 116.59053039550781,
    "eval/episode_reward/termination_std": 0.0,
    "eval/episode_reward/torques_std": 0.996723473072052,
    "eval/episode_reward/tracking_ang_vel_std": 4.573056697845459,
    "eval/episode_reward/tracking_lin_vel_std": 26.082258224487305,
    "eval/episode_swing_peak_std": 5.537248611450195,
    "eval/avg_episode_length": 1000.0,
    "eval/std_episode_length": 0.0,
    "eval/epoch_eval_time": 3.2560341358184814,
    "eval/sps": 39311.62716997258
  }
}